accuracy,precision,recall,f1
0.9750445632798574,0.9762308998302207,0.9750445632798574,0.9750290120022256
